Workbook

Sheet Sheet6
A3: Average of claim | B3: Smoker
A4: BMI Group | B4: No | C4: Yes | D4: Average claims
A5: <20 | B5: 6083.7122 | C5: 17978.206 | D5: 8802.4537
A6: 20-25 | B6: 7624.702 | C6: 20156.056 | D6: 10456.306
A7: 25-30 | B7: 8299.4799 | C7: 22495.874 | D7: 11000.079
A8: 30-35 | B8: 8545.0078 | C8: 39551.785 | D8: 14298.843
A9: 35+ | B9: 9192.3874 | C9: 43536.714 | D9: 17027.187
A10: Average claims | B10: 8421.1216 | C10: 32050.232 | D10: 13252.746

Sheet insurance final cleaned
A1: PatientID | B1: age | C1: gender | D1: bmi | E1: bloodpressure | F1: diabetic | G1: children | H1: smoker | I1: region | J1: claim | K1: BMI Group | L1: BMI_Smoker | M1: Is Southeast | N1: Is Southwest | O1: Is Northwest | P1: Randomizer | Q1: Is Smoker | R1: Is Diabetic | S1: Is Female | T1: Predicted Claim | U1: Residual
A2: 1 | B2: 39 | C2: male | D2: 23.2 | E2: 91 | F2: Yes | G2: 0 | H2: No | I2: southeast | J2: 1121.87 | K2: =IF(D2<20, "<20", IF(D2<25, "20-25", IF(D2<30, "25-30", IF(D2<35, "30-35", "35+")))) -> 20-25 | L2: =D2*Q2 -> 0 | M2: =IF(I2="southeast", 1, 0) -> 1 | N2: =IF(I2="southwest", 1, 0) -> 0 | O2: =IF(I2="northwest", 1, 0) -> 0 | P2: 0.71471674 | Q2: =IF(H2="Yes", 1, 0) -> 0 | R2: =IF(F2="yes", 1, 0) -> 1 | S2: =IF(C2="female", 1, 0) -> 0 | T2: =-7277.71 + (-1.28*B2) + (85.5*D2) + (738.24*G2) + (159.59*E2) + (1259.19*L2) + (-3644.73*M2) + (-2956.11*N2) + (-2948.04*O2) + (-17828.85*Q2) + (-69.06*R2) + (444.95*S2) -> 5464.87 | U2: =J2-T2 -> -4343
A3: 2 | B3: 24 | C3: male | D3: 30.1 | E3: 87 | F3: No | G3: 0 | H3: No | I3: southeast | J3: 1131.51 | K3: =IF(D3<20, "<20", IF(D3<25, "20-25", IF(D3<30, "25-30", IF(D3<35, "30-35", "35+")))) -> 30-35 | L3: =D3*Q3 -> 0 | M3: =IF(I3="southeast", 1, 0) -> 1 | N3: =IF(I3="southwest", 1, 0) -> 0 | O3: =IF(I3="northwest", 1, 0) -> 0 | P3: 0.95799828 | Q3: =IF(H3="Yes", 1, 0) -> 0 | R3: =IF(F3="yes", 1, 0) -> 0 | S3: =IF(C3="female", 1, 0) -> 0 | T3: =-7277.71 + (-1.28*B3) + (85.5*D3) + (738.24*G3) + (159.59*E3) + (1259.19*L3) + (-3644.73*M3) + (-2956.11*N3) + (-2948.04*O3) + (-17828.85*Q3) + (-69.06*R3) + (444.95*S3) -> 5504.72 | U3: =J3-T3 -> -4373.21
A4: 3 | B4: 38 | C4: male | D4: 33.3 | E4: 82 | F4: Yes | G4: 0 | H4: No | I4: southeast | J4: 1135.94 | K4: =IF(D4<20, "<20", IF(D4<25, "20-25", IF(D4<30, "25-30", IF(D4<35, "30-35", "35+")))) -> 30-35 | L4: =D4*Q4 -> 0 | M4: =IF(I4="southeast", 1, 0) -> 1 | N4: =IF(I4="southwest", 1, 0) -> 0 | O4: =IF(I4="northwest", 1, 0) -> 0 | P4: 0.52184097 | Q4: =IF(H4="Yes", 1, 0) -> 0 | R4: =IF(F4="yes", 1, 0) -> 1 | S4: =IF(C4="female", 1, 0) -> 0 | T4: =-7277.71 + (-1.28*B4) + (85.5*D4) + (738.24*G4) + (159.59*E4) + (1259.19*L4) + (-3644.73*M4) + (-2956.11*N4) + (-2948.04*O4) + (-17828.85*Q4) + (-69.06*R4) + (444.95*S4) -> 4893.39 | U4: =J4-T4 -> -3757.45
A5: 4 | B5: 38 | C5: male | D5: 33.7 | E5: 80 | F5: No | G5: 0 | H5: No | I5: northwest | J5: 1136.4 | K5: =IF(D5<20, "<20", IF(D5<25, "20-25", IF(D5<30, "25-30", IF(D5<35, "30-35", "35+")))) -> 30-35 | L5: =D5*Q5 -> 0 | M5: =IF(I5="southeast", 1, 0) -> 0 | N5: =IF(I5="southwest", 1, 0) -> 0 | O5: =IF(I5="northwest", 1, 0) -> 1 | P5: 0.67465477 | Q5: =IF(H5="Yes", 1, 0) -> 0 | R5: =IF(F5="yes", 1, 0) -> 0 | S5: =IF(C5="female", 1, 0) -> 0 | T5: =-7277.71 + (-1.28*B5) + (85.5*D5) + (738.24*G5) + (159.59*E5) + (1259.19*L5) + (-3644.73*M5) + (-2956.11*N5) + (-2948.04*O5) + (-17828.85*Q5) + (-69.06*R5) + (444.95*S5) -> 5374.16 | U5: =J5-T5 -> -4237.76
A6: 5 | B6: 38 | C6: male | D6: 34.1 | E6: 100 | F6: No | G6: 0 | H6: No | I6: northwest | J6: 1137.01 | K6: =IF(D6<20, "<20", IF(D6<25, "20-25", IF(D6<30, "25-30", IF(D6<35, "30-35", "35+")))) -> 30-35 | L6: =D6*Q6 -> 0 | M6: =IF(I6="southeast", 1, 0) -> 0 | N6: =IF(I6="southwest", 1, 0) -> 0 | O6: =IF(I6="northwest", 1, 0) -> 1 | P6: 0.84569392 | Q6: =IF(H6="Yes", 1, 0) -> 0 | R6: =IF(F6="yes", 1, 0) -> 0 | S6: =IF(C6="female", 1, 0) -> 0 | T6: =-7277.71 + (-1.28*B6) + (85.5*D6) + (738.24*G6) + (159.59*E6) + (1259.19*L6) + (-3644.73*M6) + (-2956.11*N6) + (-2948.04*O6) + (-17828.85*Q6) + (-69.06*R6) + (444.95*S6) -> 8600.16 | U6: =J6-T6 -> -7463.15
A7: 6 | B7: 38 | C7: male | D7: 34.4 | E7: 96 | F7: Yes | G7: 0 | H7: No | I7: northwest | J7: 1137.47 | K7: =IF(D7<20, "<20", IF(D7<25, "20-25", IF(D7<30, "25-30", IF(D7<35, "30-35", "35+")))) -> 30-35 | L7: =D7*Q7 -> 0 | M7: =IF(I7="southeast", 1, 0) -> 0 | N7: =IF(I7="southwest", 1, 0) -> 0 | O7: =IF(I7="northwest", 1, 0) -> 1 | P7: 0.68910949 | Q7: =IF(H7="Yes", 1, 0) -> 0 | R7: =IF(F7="yes", 1, 0) -> 1 | S7: =IF(C7="female", 1, 0) -> 0 | T7: =-7277.71 + (-1.28*B7) + (85.5*D7) + (738.24*G7) + (159.59*E7) + (1259.19*L7) + (-3644.73*M7) + (-2956.11*N7) + (-2948.04*O7) + (-17828.85*Q7) + (-69.06*R7) + (444.95*S7) -> 7918.39 | U7: =J7-T7 -> -6780.92
A8: 7 | B8: 38 | C8: male | D8: 37.3 | E8: 86 | F8: Yes | G8: 0 | H8: No | I8: northwest | J8: 1141.45 | K8: =IF(D8<20, "<20", IF(D8<25, "20-25", IF(D8<30, "25-30", IF(D8<35, "30-35", "35+")))) -> 35+ | L8: =D8*Q8 -> 0 | M8: =IF(I8="southeast", 1, 0) -> 0 | N8: =IF(I8="southwest", 1, 0) -> 0 | O8: =IF(I8="northwest", 1, 0) -> 1 | P8: 0.16280539 | Q8: =IF(H8="Yes", 1, 0) -> 0 | R8: =IF(F8="yes", 1, 0) -> 1 | S8: =IF(C8="female", 1, 0) -> 0 | T8: =-7277.71 + (-1.28*B8) + (85.5*D8) + (738.24*G8) + (159.59*E8) + (1259.19*L8) + (-3644.73*M8) + (-2956.11*N8) + (-2948.04*O8) + (-17828.85*Q8) + (-69.06*R8) + (444.95*S8) -> 6570.44 | U8: =J8-T8 -> -5428.99
A9: 8 | B9: 19 | C9: male | D9: 41.1 | E9: 100 | F9: No | G9: 0 | H9: No | I9: northwest | J9: 1146.8 | K9: =IF(D9<20, "<20", IF(D9<25, "20-25", IF(D9<30, "25-30", IF(D9<35, "30-35", "35+")))) -> 35+ | L9: =D9*Q9 -> 0 | M9: =IF(I9="southeast", 1, 0) -> 0 | N9: =IF(I9="southwest", 1, 0) -> 0 | O9: =IF(I9="northwest", 1, 0) -> 1 | P9: 0.68992858 | Q9: =IF(H9="Yes", 1, 0) -> 0 | R9: =IF(F9="yes", 1, 0) -> 0 | S9: =IF(C9="female", 1, 0) -> 0 | T9: =-7277.71 + (-1.28*B9) + (85.5*D9) + (738.24*G9) + (159.59*E9) + (1259.19*L9) + (-3644.73*M9) + (-2956.11*N9) + (-2948.04*O9) + (-17828.85*Q9) + (-69.06*R9) + (444.95*S9) -> 9222.98 | U9: =J9-T9 -> -8076.18
A10: 9 | B10: 20 | C10: male | D10: 43 | E10: 86 | F10: No | G10: 0 | H10: No | I10: northwest | J10: 1149.4 | K10: =IF(D10<20, "<20", IF(D10<25, "20-25", IF(D10<30, "25-30", IF(D10<35, "30-35", "35+")))) -> 35+ | L10: =D10*Q10 -> 0 | M10: =IF(I10="southeast", 1, 0) -> 0 | N10: =IF(I10="southwest", 1, 0) -> 0 | O10: =IF(I10="northwest", 1, 0) -> 1 | P10: 0.70153267 | Q10: =IF(H10="Yes", 1, 0) -> 0 | R10: =IF(F10="yes", 1, 0) -> 0 | S10: =IF(C10="female", 1, 0) -> 0 | T10: =-7277.71 + (-1.28*B10) + (85.5*D10) + (738.24*G10) + (159.59*E10) + (1259.19*L10) + (-3644.73*M10) + (-2956.11*N10) + (-2948.04*O10) + (-17828.85*Q10) + (-69.06*R10) + (444.95*S10) -> 7149.89 | U10: =J10-T10 -> -6000.49
A11: 10 | B11: 30 | C11: male | D11: 53.1 | E11: 97 | F11: No | G11: 0 | H11: No | I11: northwest | J11: 1163.46 | K11: =IF(D11<20, "<20", IF(D11<25, "20-25", IF(D11<30, "25-30", IF(D11<35, "30-35", "35+")))) -> 35+ | L11: =D11*Q11 -> 0 | M11: =IF(I11="southeast", 1, 0) -> 0 | N11: =IF(I11="southwest", 1, 0) -> 0 | O11: =IF(I11="northwest", 1, 0) -> 1 | P11: 0.26113331 | Q11: =IF(H11="Yes", 1, 0) -> 0 | R11: =IF(F11="yes", 1, 0) -> 0 | S11: =IF(C11="female", 1, 0) -> 0 | T11: =-7277.71 + (-1.28*B11) + (85.5*D11) + (738.24*G11) + (159.59*E11) + (1259.19*L11) + (-3644.73*M11) + (-2956.11*N11) + (-2948.04*O11) + (-17828.85*Q11) + (-69.06*R11) + (444.95*S11) -> 9756.13 | U11: =J11-T11 -> -8592.67
A12: 11 | B12: 36 | C12: male | D12: 19.8 | E12: 88 | F12: Yes | G12: 0 | H12: No | I12: northwest | J12: 1241.57 | K12: =IF(D12<20, "<20", IF(D12<25, "20-25", IF(D12<30, "25-30", IF(D12<35, "30-35", "35+")))) -> <20 | L12: =D12*Q12 -> 0 | M12: =IF(I12="southeast", 1, 0) -> 0 | N12: =IF(I12="southwest", 1, 0) -> 0 | O12: =IF(I12="northwest", 1, 0) -> 1 | P12: 0.74024268 | Q12: =IF(H12="Yes", 1, 0) -> 0 | R12: =IF(F12="yes", 1, 0) -> 1 | S12: =IF(C12="female", 1, 0) -> 0 | T12: =-7277.71 + (-1.28*B12) + (85.5*D12) + (738.24*G12) + (159.59*E12) + (1259.19*L12) + (-3644.73*M12) + (-2956.11*N12) + (-2948.04*O12) + (-17828.85*Q12) + (-69.06*R12) + (444.95*S12) -> 5395.93 | U12: =J12-T12 -> -4154.36
A13: 12 | B13: 37 | C13: male | D13: 20.3 | E13: 90 | F13: Yes | G13: 0 | H13: No | I13: northwest | J13: 1242.26 | K13: =IF(D13<20, "<20", IF(D13<25, "20-25", IF(D13<30, "25-30", IF(D13<35, "30-35", "35+")))) -> 20-25 | L13: =D13*Q13 -> 0 | M13: =IF(I13="southeast", 1, 0) -> 0 | N13: =IF(I13="southwest", 1, 0) -> 0 | O13: =IF(I13="northwest", 1, 0) -> 1 | P13: 0.83110142 | Q13: =IF(H13="Yes", 1, 0) -> 0 | R13: =IF(F13="yes", 1, 0) -> 1 | S13: =IF(C13="female", 1, 0) -> 0 | T13: =-7277.71 + (-1.28*B13) + (85.5*D13) + (738.24*G13) + (159.59*E13) + (1259.19*L13) + (-3644.73*M13) + (-2956.11*N13) + (-2948.04*O13) + (-17828.85*Q13) + (-69.06*R13) + (444.95*S13) -> 5756.58 | U13: =J13-T13 -> -4514.32
... A1341: 1340 | B1341: 30 | C1341: female | D1341: 47.4 | E1341: 101 | F1341: No | G1341: 0 | H1341: Yes | I1341: southeast | J1341: 63770.43 | K1341: =IF(D1341<20, "<20", IF(D1341<25, "20-25", IF(D1341<30, "25-30", IF(D1341<35, "30-35", "35+")))) -> 35+ | L1341: =D1341*Q1341 -> 47.4 | M1341: =IF(I1341="southeast", 1, 0) -> 1 | N1341: =IF(I1341="southwest", 1, 0) -> 0 | O1341: =IF(I1341="northwest", 1, 0) -> 0 | P1341: 0.44307134 | Q1341: =IF(H1341="Yes", 1, 0) -> 1 | R1341: =IF(F1341="yes", 1, 0) -> 0 | S1341: =IF(C1341="female", 1, 0) -> 1 | T1341: =-7277.71 + (-1.28*B1341) + (85.5*D1341) + (738.24*G1341) + (159.59*E1341) + (1259.19*L1341) + (-3644.73*M1341) + (-2956.11*N1341) + (-2948.04*O1341) + (-17828.85*Q1341) + (-69.06*R1341) + (444.95*S1341) -> 51512.156 | U1341: =J1341-T1341 -> 12258.274
Q1342: =SUM(Q2:Q1341) -> 274 | R1342: =SUM(R2:R1341) -> 642 | S1342: =SUM(S2:S1341) -> 662

Sheet Dashboard
A1: Actuarial Premium Drivers & Model Diagnostic
A3: Smoker vs Non-Smoker Column Chart | O3: BMI Group Column Chart
A20: Children Column Chart | J20: BMI vs Smoking Status | S20: BMI vs Actual Claim
A39: Actual vs Predicted | Q39: Residual Plot
A58: Variable
A59: Variable | B59: Absolute Coefficient
A60: Smoker Penalty | B60: 17828
A61: Region (Southeast) | B61: 3644
A62: BMI × Smoker | B62: 1259
A63: Dependents | B63: 738
A64: Blood Pressure | B64: 159
A65: BMI | B65: 85

Sheet Sheet3
A3: Smokers | B3: Average of claim
A4: Yes | B4: 32050.232
A5: No | B5: 8421.1216
A6: Grand Total | B6: 13252.746
A11: BMI Groups | B11: Average of claim
A12: <20 | B12: 8802.4537
A13: 20-25 | B13: 10456.306
A14: 25-30 | B14: 11000.079
A15: 30-35 | B15: 14298.843
A16: 35+ | B16: 17027.187
A17: Grand Total | B17: 13252.746
A20: Children | B20: Average of claim
A21: 0 | B21: 12327.993
A22: 1 | B22: 12731.172
A23: 2 | B23: 15073.564
A24: 3 | B24: 15355.319
A25: 4 | B25: 13850.657
A26: 5 | B26: 8786.0356
A27: Grand Total | B27: 13252.746

Sheet Regression Summary
A1: SUMMARY OUTPUT
A3: Regression Statistics
A4: Multiple R | B4: 0.88372259
A5: R Square | B5: 0.78096562
A6: Adjusted R Square | B6: 0.7784813
A7: Standard Error | B7: 5560.3393
A8: Observations | B8: 1071
A10: ANOVA
B11: df | C11: SS | D11: MS | E11: F | F11: Significance F
A12: Regression | B12: 12 | C12: 1.1662936e+11 | D12: 9.7191133e+09 | E12: 314.35766 | F12: 0
A13: Residual | B13: 1058 | C13: 3.2710581e+10 | D13: 30917374
A14: Total | B14: 1070 | C14: 1.4933994e+11
B16: Coefficients | C16: Standard Error | D16: t Stat | E16: P-value | F16: Lower 95% | G16: Upper 95% | H16: Lower 95.0% | I16: Upper 95.0%
A17: Intercept | B17: -7277.715 | C17: 2047.1546 | D17: -3.5550393 | E17: 0.00039462245 | F17: -11294.66 | G17: -3260.7704 | H17: -11294.66 | I17: -3260.7704
A18: age | B18: -1.2799913 | C18: 16.821795 | D18: -0.076091248 | E18: 0.93936089 | F18: -34.287864 | G18: 31.727881 | H18: -34.287864 | I18: 31.727881
A19: bmi | B19: 85.500061 | C19: 32.048086 | D19: 2.6678679 | E19: 0.0077500741 | F19: 22.615027 | G19: 148.38509 | H19: 22.615027 | I19: 148.38509
A20: children | B20: 738.2365 | C20: 143.18671 | D20: 5.1557612 | E20: 3.0134736e-07 | F20: 457.27428 | G20: 1019.1987 | H20: 457.27428 | I20: 1019.1987
A21: bloodpressure | B21: 159.58823 | C21: 17.182504 | D21: 9.2878331 | E21: 8.6821502e-20 | F21: 125.87257 | G21: 193.30389 | H21: 125.87257 | I21: 193.30389
A22: BMI_Smoker | B22: 1259.1881 | C22: 68.937947 | D22: 18.26553 | E22: 5.3375416e-65 | F22: 1123.9175 | G22: 1394.4588 | H22: 1123.9175 | I22: 1394.4588
A23: Is Southeast | B23: -3644.731 | C23: 512.57005 | D23: -7.1106983 | E23: 2.122041e-12 | F23: -4650.5004 | G23: -2638.9616 | H23: -4650.5004 | I23: -2638.9616
A24: Is Southwest | B24: -2956.1142 | C24: 549.95704 | D24: -5.3751729 | E24: 9.4106945e-08 | F24: -4035.2447 | G24: -1876.9837 | H24: -4035.2447 | I24: -1876.9837
A25: Is Northwest | B25: -2948.0359 | C25: 526.15022 | D25: -5.6030309 | E25: 2.6852486e-08 | F25: -3980.4525 | G25: -1915.6194 | H25: -3980.4525 | I25: -1915.6194
A26: Randomizer | B26: 601.56146 | C26: 746.94986 | D26: 0.80535722 | E26: 0.42079453 | F26: -864.11008 | G26: 2067.233 | H26: -864.11008 | I26: 2067.233
A27: Is Smoker | B27: -17828.853 | C27: 2120.7781 | D27: -8.4067505 | E27: 1.3477254e-16 | F27: -21990.262 | G27: -13667.443 | H27: -21990.262 | I27: -13667.443
A28: Is Diabetic | B28: -69.062501 | C28: 341.97007 | D28: -0.20195481 | E28: 0.83999088 | F28: -740.07916 | G28: 601.95416 | H28: -740.07916 | I28: 601.95416
A29: Is Female | B29: 444.95201 | C29: 372.24259 | D29: 1.195328 | E29: 0.23222674 | F29: -285.46565 | G29: 1175.3697 | H29: -285.46565 | I29: 1175.3697

Sheet Math Zone
A1: ='insurance final cleaned'!J1 -> claim | B1: ='insurance final cleaned'!B1 -> age | C1: ='insurance final cleaned'!D1 -> bmi | D1: ='insurance final cleaned'!G1 -> children | E1: ='insurance final cleaned'!E1 -> bloodpressure | F1: ='insurance final cleaned'!L1 -> BMI_Smoker | G1: ='insurance final cleaned'!M1 -> Is Southeast | H1: ='insurance final cleaned'!N1 -> Is Southwest | I1: ='insurance final cleaned'!O1 -> Is Northwest | J1: ='insurance final cleaned'!P1 -> Randomizer | K1: ='insurance final cleaned'!Q1 -> Is Smoker | L1: ='insurance final cleaned'!R1 -> Is Diabetic | M1: ='insurance final cleaned'!S1 -> Is Female
A2: ='insurance final cleaned'!J185 -> 2866.09 | B2: ='insurance final cleaned'!B185 -> 37 | C2: ='insurance final cleaned'!D185 -> 27.2 | D2: ='insurance final cleaned'!G185 -> 0 | E2: ='insurance final cleaned'!E185 -> 87 | F2: ='insurance final cleaned'!L185 -> 0 | G2: ='insurance final cleaned'!M185 -> 0 | H2: ='insurance final cleaned'!N185 -> 1 | I2: ='insurance final cleaned'!O185 -> 0 | J2: ='insurance final cleaned'!P185 -> 0.0021653967 | K2: ='insurance final cleaned'!Q185 -> 0 | L2: ='insurance final cleaned'!R185 -> 1 | M2: ='insurance final cleaned'!S185 -> 0
A3: ='insurance final cleaned'!J621 -> 8582.3 | B3: ='insurance final cleaned'!B621 -> 46 | C3: ='insurance final cleaned'!D621 -> 23.9 | D3: ='insurance final cleaned'!G621 -> 5 | E3: ='insurance final cleaned'!E621 -> 96 | F3: ='insurance final cleaned'!L621 -> 0 | G3: ='insurance final cleaned'!M621 -> 1 | H3: ='insurance final cleaned'!N621 -> 0 | I3: ='insurance final cleaned'!O621 -> 0 | J3: ='insurance final cleaned'!P621 -> 0.0032663433 | K3: ='insurance final cleaned'!Q621 -> 0 | L3: ='insurance final cleaned'!R621 -> 0 | M3: ='insurance final cleaned'!S621 -> 1
A4: ='insurance final cleaned'!J217 -> 3277.16 | B4: ='insurance final cleaned'!B217 -> 28 | C4: ='insurance final cleaned'!D217 -> 37.1 | D4: ='insurance final cleaned'!G217 -> 1 | E4: ='insurance final cleaned'!E217 -> 90 | F4: ='insurance final cleaned'!L217 -> 0 | G4: ='insurance final cleaned'!M217 -> 0 | H4: ='insurance final cleaned'!N217 -> 1 | I4: ='insurance final cleaned'!O217 -> 0 | J4: ='insurance final cleaned'!P217 -> 0.0042425221 | K4: ='insurance final cleaned'!Q217 -> 0 | L4: ='insurance final cleaned'!R217 -> 1 | M4: ='insurance final cleaned'!S217 -> 0
A5: ='insurance final cleaned'!J958 -> 14210.54 | B5: ='insurance final cleaned'!B958 -> 47 | C5: ='insurance final cleaned'!D958 -> 37.9 | D5: ='insurance final cleaned'!G958 -> 0 | E5: ='insurance final cleaned'!E958 -> 103 | F5: ='insurance final cleaned'!L958 -> 0 | G5: ='insurance final cleaned'!M958 -> 0 | H5: ='insurance final cleaned'!N958 -> 0 | I5: ='insurance final cleaned'!O958 -> 1 | J5: ='insurance final cleaned'!P958 -> 0.0058230131 | K5: ='insurance final cleaned'!Q958 -> 0 | L5: ='insurance final cleaned'!R958 -> 0 | M5: ='insurance final cleaned'!S958 -> 0
A6: ='insurance final cleaned'!J298 -> 4349.46 | B6: ='insurance final cleaned'!B298 -> 25 | C6: ='insurance final cleaned'!D298 -> 33 | D6: ='insurance final cleaned'!G298 -> 2 | E6: ='insurance final cleaned'!E298 -> 89 | F6: ='insurance final cleaned'!L298 -> 0 | G6: ='insurance final cleaned'!M298 -> 1 | H6: ='insurance final cleaned'!N298 -> 0 | I6: ='insurance final cleaned'!O298 -> 0 | J6: ='insurance final cleaned'!P298 -> 0.006167094 | K6: ='insurance final cleaned'!Q298 -> 0 | L6: ='insurance final cleaned'!R298 -> 1 | M6: ='insurance final cleaned'!S298 -> 1
A7: ='insurance final cleaned'!J252 -> 3756.62 | B7: ='insurance final cleaned'!B252 -> 45 | C7: ='insurance final cleaned'!D252 -> 25.7 | D7: ='insurance final cleaned'!G252 -> 0 | E7: ='insurance final cleaned'!E252 -> 80 | F7: ='insurance final cleaned'!L252 -> 0 | G7: ='insurance final cleaned'!M252 -> 1 | H7: ='insurance final cleaned'!N252 -> 0 | I7: ='insurance final cleaned'!O252 -> 0 | J7: ='insurance final cleaned'!P252 -> 0.0072101472 | K7: ='insurance final cleaned'!Q252 -> 0 | L7: ='insurance final cleaned'!R252 -> 0 | M7: ='insurance final cleaned'!S252 -> 1
A8: ='insurance final cleaned'!J1206 -> 34806.47 | B8: ='insurance final cleaned'!B1206 -> 32 | C8: ='insurance final cleaned'!D1206 -> 31.1 | D8: ='insurance final cleaned'!G1206 -> 1 | E8: ='insurance final cleaned'!E1206 -> 114 | F8: ='insurance final cleaned'!L1206 -> 31.1 | G8: ='insurance final cleaned'!M1206 -> 1 | H8: ='insurance final cleaned'!N1206 -> 0 | I8: ='insurance final cleaned'!O1206 -> 0 | J8: ='insurance final cleaned'!P1206 -> 0.0072673761 | K8: ='insurance final cleaned'!Q1206 -> 1 | L8: ='insurance final cleaned'!R1206 -> 1 | M8: ='insurance final cleaned'!S1206 -> 0
A9: ='insurance final cleaned'!J1214 -> 35595.59 | B9: ='insurance final cleaned'!B1214 -> 56 | C9: ='insurance final cleaned'!D1214 -> 31 | D9: ='insurance final cleaned'!G1214 -> 3 | E9: ='insurance final cleaned'!E1214 -> 129 | F9: ='insurance final cleaned'!L1214 -> 31 | G9: ='insurance final cleaned'!M1214 -> 1 | H9: ='insurance final cleaned'!N1214 -> 0 | I9: ='insurance final cleaned'!O1214 -> 0 | J9: ='insurance final cleaned'!P1214 -> 0.0073824174 | K9: ='insurance final cleaned'!Q1214 -> 1 | L9: ='insurance final cleaned'!R1214 -> 1 | M9: ='insurance final cleaned'!S1214 -> 1
A10: ='insurance final cleaned'!J629 -> 8627.54 | B10: ='insurance final cleaned'!B629 -> 43 | C10: ='insurance final cleaned'!D629 -> 19.2 | D10: ='insurance final cleaned'!G629 -> 1 | E10: ='insurance final cleaned'!E629 -> 99 | F10: ='insurance final cleaned'!L629 -> 0 | G10: ='insurance final cleaned'!M629 -> 0 | H10: ='insurance final cleaned'!N629 -> 0 | I10: ='insurance final cleaned'!O629 -> 0 | J10: ='insurance final cleaned'!P629 -> 0.0082772036 | K10: ='insurance final cleaned'!Q629 -> 0 | L10: ='insurance final cleaned'!R629 -> 1 | M10: ='insurance final cleaned'!S629 -> 0
A11: ='insurance final cleaned'!J616 -> 8539.67 | B11: ='insurance final cleaned'!B616 -> 26 | C11: ='insurance final cleaned'!D616 -> 23.6 | D11: ='insurance final cleaned'!G616 -> 1 | E11: ='insurance final cleaned'!E616 -> 92 | F11: ='insurance final cleaned'!L616 -> 0 | G11: ='insurance final cleaned'!M616 -> 0 | H11: ='insurance final cleaned'!N616 -> 1 | I11: ='insurance final cleaned'!O616 -> 0 | J11: ='insurance final cleaned'!P616 -> 0.0097481891 | K11: ='insurance final cleaned'!Q616 -> 0 | L11: ='insurance final cleaned'!R616 -> 1 | M11: ='insurance final cleaned'!S616 -> 1
A12: ='insurance final cleaned'!J873 -> 12404.88 | B12: ='insurance final cleaned'!B873 -> 43 | C12: ='insurance final cleaned'!D873 -> 35.2 | D12: ='insurance final cleaned'!G873 -> 0 | E12: ='insurance final cleaned'!E873 -> 107 | F12: ='insurance final cleaned'!L873 -> 0 | G12: ='insurance final cleaned'!M873 -> 0 | H12: ='insurance final cleaned'!N873 -> 0 | I12: ='insurance final cleaned'!O873 -> 0 | J12: ='insurance final cleaned'!P873 -> 0.01023297 | K12: ='insurance final cleaned'!Q873 -> 0 | L12: ='insurance final cleaned'!R873 -> 1 | M12: ='insurance final cleaned'!S873 -> 0
A13: ='insurance final cleaned'!J600 -> 8334.59 | B13: ='insurance final cleaned'!B600 -> 40 | C13: ='insurance final cleaned'!D600 -> 33.4 | D13: ='insurance final cleaned'!G600 -> 1 | E13: ='insurance final cleaned'!E600 -> 94 | F13: ='insurance final cleaned'!L600 -> 0 | G13: ='insurance final cleaned'!M600 -> 0 | H13: ='insurance final cleaned'!N600 -> 0 | I13: ='insurance final cleaned'!O600 -> 0 | J13: ='insurance final cleaned'!P600 -> 0.010911074 | K13: ='insurance final cleaned'!Q600 -> 0 | L13: ='insurance final cleaned'!R600 -> 0 | M13: ='insurance final cleaned'!S600 -> 0
A14: ='insurance final cleaned'!J1195 -> 33750.29 | B14: ='insurance final cleaned'!B1195 -> 46 | C14: ='insurance final cleaned'!D1195 -> 31.9 | D14: ='insurance final cleaned'!G1195 -> 0 | E14: ='insurance final cleaned'!E1195 -> 82 | F14: ='insurance final cleaned'!L1195 -> 31.9 | G14: ='insurance final cleaned'!M1195 -> 0 | H14: ='insurance final cleaned'!N1195 -> 0 | I14: ='insurance final cleaned'!O1195 -> 1 | J14: ='insurance final cleaned'!P1195 -> 0.011240829 | K14: ='insurance final cleaned'!Q1195 -> 1 | L14: ='insurance final cleaned'!R1195 -> 1 | M14: ='insurance final cleaned'!S1195 -> 0
A15: ='insurance final cleaned'!J1157 -> 27000.98 | B15: ='insurance final cleaned'!B1157 -> 28 | C15: ='insurance final cleaned'!D1157 -> 31.5 | D15: ='insurance final cleaned'!G1157 -> 1 | E15: ='insurance final cleaned'!E1157 -> 94 | F15: ='insurance final cleaned'!L1157 -> 0 | G15: ='insurance final cleaned'!M1157 -> 1 | H15: ='insurance final cleaned'!N1157 -> 0 | I15: ='insurance final cleaned'!O1157 -> 0 | J15: ='insurance final cleaned'!P1157 -> 0.011857175 | K15: ='insurance final cleaned'!Q1157 -> 0 | L15: ='insurance final cleaned'!R1157 -> 1 | M15: ='insurance final cleaned'!S1157 -> 0
A16: ='insurance final cleaned'!J92 -> 1981.58 | B16: ='insurance final cleaned'!B92 -> 19 | C16: ='insurance final cleaned'!D92 -> 32 | D16: ='insurance final cleaned'!G92 -> 0 | E16: ='insurance final cleaned'!E92 -> 100 | F16: ='insurance final cleaned'!L92 -> 0 | G16: ='insurance final cleaned'!M92 -> 1 | H16: ='insurance final cleaned'!N92 -> 0 | I16: ='insurance final cleaned'!O92 -> 0 | J16: ='insurance final cleaned'!P92 -> 0.012203717 | K16: ='insurance final cleaned'!Q92 -> 0 | L16: ='insurance final cleaned'!R92 -> 1 | M16: ='insurance final cleaned'!S92 -> 0
A17: ='insurance final cleaned'!J721 -> 10106.13 | B17: ='insurance final cleaned'!B721 -> 27 | C17: ='insurance final cleaned'!D721 -> 27.1 | D17: ='insurance final cleaned'!G721 -> 1 | E17: ='insurance final cleaned'!E721 -> 103 | F17: ='insurance final cleaned'!L721 -> 0 | G17: ='insurance final cleaned'!M721 -> 0 | H17: ='insurance final cleaned'!N721 -> 0 | I17: ='insurance final cleaned'!O721 -> 0 | J17: ='insurance final cleaned'!P721 -> 0.012306171 | K17: ='insurance final cleaned'!Q721 -> 0 | L17: ='insurance final cleaned'!R721 -> 0 | M17: ='insurance final cleaned'!S721 -> 1
A18: ='insurance final cleaned'!J317 -> 4504.66 | B18: ='insurance final cleaned'!B317 -> 44 | C18: ='insurance final cleaned'!D317 -> 33.7 | D18: ='insurance final cleaned'!G317 -> 4 | E18: ='insurance final cleaned'!E317 -> 96 | F18: ='insurance final cleaned'!L317 -> 0 | G18: ='insurance final cleaned'!M317 -> 1 | H18: ='insurance final cleaned'!N317 -> 0 | I18: ='insurance final cleaned'!O317 -> 0 | J18: ='insurance final cleaned'!P317 -> 0.012629175 | K18: ='insurance final cleaned'!Q317 -> 0 | L18: ='insurance final cleaned'!R317 -> 0 | M18: ='insurance final cleaned'!S317 -> 0
A19: ='insurance final cleaned'!J700 -> 9788.87 | B19: ='insurance final cleaned'!B700 -> 25 | C19: ='insurance final cleaned'!D700 -> 24.3 | D19: ='insurance final cleaned'!G700 -> 5 | E19: ='insurance final cleaned'!E700 -> 89 | F19: ='insurance final cleaned'!L700 -> 0 | G19: ='insurance final cleaned'!M700 -> 1 | H19: ='insurance final cleaned'!N700 -> 0 | I19: ='insurance final cleaned'!O700 -> 0 | J19: ='insurance final cleaned'!P700 -> 0.01369681 | K19: ='insurance final cleaned'!Q700 -> 0 | L19: ='insurance final cleaned'!R700 -> 0 | M19: ='insurance final cleaned'!S700 -> 0
A20: ='insurance final cleaned'!J1263 -> 40003.33 | B20: ='insurance final cleaned'!B1263 -> 40 | C20: ='insurance final cleaned'!D1263 -> 32.8 | D20: ='insurance final cleaned'!G1263 -> 2 | E20: ='insurance final cleaned'!E1263 -> 107 | F20: ='insurance final cleaned'!L1263 -> 32.8 | G20: ='insurance final cleaned'!M1263 -> 0 | H20: ='insurance final cleaned'!N1263 -> 0 | I20: ='insurance final cleaned'!O1263 -> 1 | J20: ='insurance final cleaned'!P1263 -> 0.014187797 | K20: ='insurance final cleaned'!Q1263 -> 1 | L20: ='insurance final cleaned'!R1263 -> 1 | M20: ='insurance final cleaned'!S1263 -> 1
A21: ='insurance final cleaned'!J195 -> 3044.21 | B21: ='insurance final cleaned'!B195 -> 54 | C21: ='insurance final cleaned'!D195 -> 25.3 | D21: ='insurance final cleaned'!G195 -> 0 | E21: ='insurance final cleaned'!E195 -> 100 | F21: ='insurance final cleaned'!L195 -> 0 | G21: ='insurance final cleaned'!M195 -> 0 | H21: ='insurance final cleaned'!N195 -> 0 | I21: ='insurance final cleaned'!O195 -> 0 | J21: ='insurance final cleaned'!P195 -> 0.014418806 | K21: ='insurance final cleaned'!Q195 -> 0 | L21: ='insurance final cleaned'!R195 -> 0 | M21: ='insurance final cleaned'!S195 -> 1
A22: ='insurance final cleaned'!J424 -> 5926.85 | B22: ='insurance final cleaned'!B424 -> 27 | C22: ='insurance final cleaned'!D424 -> 28.9 | D22: ='insurance final cleaned'!G424 -> 3 | E22: ='insurance final cleaned'!E424 -> 94 | F22: ='insurance final cleaned'!L424 -> 0 | G22: ='insurance final cleaned'!M424 -> 0 | H22: ='insurance final cleaned'!N424 -> 1 | I22: ='insurance final cleaned'!O424 -> 0 | J22: ='insurance final cleaned'!P424 -> 0.01517424 | K22: ='insurance final cleaned'!Q424 -> 0 | L22: ='insurance final cleaned'!R424 -> 1 | M22: ='insurance final cleaned'!S424 -> 0
A23: ='insurance final cleaned'!J63 -> 1727.79 | B23: ='insurance final cleaned'!B63 -> 32 | C23: ='insurance final cleaned'!D63 -> 17.8 | D23: ='insurance final cleaned'!G63 -> 0 | E23: ='insurance final cleaned'!E63 -> 90 | F23: ='insurance final cleaned'!L63 -> 0 | G23: ='insurance final cleaned'!M63 -> 0 | H23: ='insurance final cleaned'!N63 -> 1 | I23: ='insurance final cleaned'!O63 -> 0 | J23: ='insurance final cleaned'!P63 -> 0.01654842 | K23: ='insurance final cleaned'!Q63 -> 0 | L23: ='insurance final cleaned'!R63 -> 0 | M23: ='insurance final cleaned'!S63 -> 1
A24: ='insurance final cleaned'!J406 -> 5488.26 | B24: ='insurance final cleaned'!B406 -> 23 | C24: ='insurance final cleaned'!D406 -> 31 | D24: ='insurance final cleaned'!G406 -> 1 | E24: ='insurance final cleaned'!E406 -> 90 | F24: ='insurance final cleaned'!L406 -> 0 | G24: ='insurance final cleaned'!M406 -> 0 | H24: ='insurance final cleaned'!N406 -> 1 | I24: ='insurance final cleaned'!O406 -> 0 | J24: ='insurance final cleaned'!P406 -> 0.016908177 | K24: ='insurance final cleaned'!Q406 -> 0 | L24: ='insurance final cleaned'!R406 -> 0 | M24: ='insurance final cleaned'!S406 -> 0
A25: ='insurance final cleaned'!J1160 -> 27218.44 | B25: ='insurance final cleaned'!B1160 -> 20 | C25: ='insurance final cleaned'!D1160 -> 29 | D25: ='insurance final cleaned'!G1160 -> 0 | E25: ='insurance final cleaned'!E1160 -> 101 | F25: ='insurance final cleaned'!L1160 -> 29 | G25: ='insurance final cleaned'!M1160 -> 0 | H25: ='insurance final cleaned'!N1160 -> 0 | I25: ='insurance final cleaned'!O1160 -> 0 | J25: ='insurance final cleaned'!P1160 -> 0.019518898 | K25: ='insurance final cleaned'!Q1160 -> 1 | L25: ='insurance final cleaned'!R1160 -> 0 | M25: ='insurance final cleaned'!S1160 -> 0
A26: ='insurance final cleaned'!J60 -> 1720.35 | B26: ='insurance final cleaned'!B60 -> 50 | C26: ='insurance final cleaned'!D60 -> 30 | D26: ='insurance final cleaned'!G60 -> 1 | E26: ='insurance final cleaned'!E60 -> 88 | F26: ='insurance final cleaned'!L60 -> 0 | G26: ='insurance final cleaned'!M60 -> 1 | H26: ='insurance final cleaned'!N60 -> 0 | I26: ='insurance final cleaned'!O60 -> 0 | J26: ='insurance final cleaned'!P60 -> 0.020688349 | K26: ='insurance final cleaned'!Q60 -> 0 | L26: ='insurance final cleaned'!R60 -> 0 | M26: ='insurance final cleaned'!S60 -> 0
A27: ='insurance final cleaned'!J1043 -> 18838.7 | B27: ='insurance final cleaned'!B1043 -> 30 | C27: ='insurance final cleaned'!D1043 -> 27.9 | D27: ='insurance final cleaned'!G1043 -> 3 | E27: ='insurance final cleaned'!E1043 -> 84 | F27: ='insurance final cleaned'!L1043 -> 0 | G27: ='insurance final cleaned'!M1043 -> 0 | H27: ='insurance final cleaned'!N1043 -> 0 | I27: ='insurance final cleaned'!O1043 -> 1 | J27: ='insurance final cleaned'!P1043 -> 0.020881426 | K27: ='insurance final cleaned'!Q1043 -> 0 | L27: ='insurance final cleaned'!R1043 -> 0 | M27: ='insurance final cleaned'!S1043 -> 1
A28: ='insurance final cleaned'!J411 -> 5649.72 | B28: ='insurance final cleaned'!B411 -> 54 | C28: ='insurance final cleaned'!D411 -> 32.8 | D28: ='insurance final cleaned'!G411 -> 0 | E28: ='insurance final cleaned'!E411 -> 86 | F28: ='insurance final cleaned'!L411 -> 0 | G28: ='insurance final cleaned'!M411 -> 0 | H28: ='insurance final cleaned'!N411 -> 1 | I28: ='insurance final cleaned'!O411 -> 0 | J28: ='insurance final cleaned'!P411 -> 0.021349953 | K28: ='insurance final cleaned'!Q411 -> 0 | L28: ='insurance final cleaned'!R411 -> 1 | M28: ='insurance final cleaned'!S411 -> 1
A29: ='insurance final cleaned'!J520 -> 7162.01 | B29: ='insurance final cleaned'!B520 -> 19 | C29: ='insurance final cleaned'!D520 -> 37.2 | D29: ='insurance final cleaned'!G520 -> 2 | E29: ='insurance final cleaned'!E520 -> 96 | F29: ='insurance final cleaned'!L520 -> 0 | G29: ='insurance final cleaned'!M520 -> 1 | H29: ='insurance final cleaned'!N520 -> 0 | I29: ='insurance final cleaned'!O520 -> 0 | J29: ='insurance final cleaned'!P520 -> 0.02217935 | K29: ='insurance final cleaned'!Q520 -> 0 | L29: ='insurance final cleaned'!R520 -> 1 | M29: ='insurance final cleaned'!S520 -> 0
A30: ='insurance final cleaned'!J38 -> 1632.04 | B30: ='insurance final cleaned'!B38 -> 48 | C30: ='insurance final cleaned'!D38 -> 25.2 | D30: ='insurance final cleaned'!G38 -> 0 | E30: ='insurance final cleaned'!E38 -> 98 | F30: ='insurance final cleaned'!L38 -> 0 | G30: ='insurance final cleaned'!M38 -> 0 | H30: ='insurance final cleaned'!N38 -> 0 | I30: ='insurance final cleaned'!O38 -> 1 | J30: ='insurance final cleaned'!P38 -> 0.023809641 | K30: ='insurance final cleaned'!Q38 -> 0 | L30: ='insurance final cleaned'!R38 -> 0 | M30: ='insurance final cleaned'!S38 -> 0
A31: ='insurance final cleaned'!J1245 -> 38709.18 | B31: ='insurance final cleaned'!B1245 -> 29 | C31: ='insurance final cleaned'!D1245 -> 35.2 | D31: ='insurance final cleaned'!G1245 -> 1 | E31: ='insurance final cleaned'!E1245 -> 85 | F31: ='insurance final cleaned'!L1245 -> 35.2 | G31: ='insurance final cleaned'!M1245 -> 1 | H31: ='insurance final cleaned'!N1245 -> 0 | I31: ='insurance final cleaned'!O1245 -> 0 | J31: ='insurance final cleaned'!P1245 -> 0.023900099 | K31: ='insurance final cleaned'!Q1245 -> 1 | L31: ='insurance final cleaned'!R1245 -> 0 | M31: ='insurance final cleaned'!S1245 -> 0
A32: ='insurance final cleaned'!J1196 -> 33900.65 | B32: ='insurance final cleaned'!B1196 -> 48 | C32: ='insurance final cleaned'!D1196 -> 30.2 | D32: ='insurance final cleaned'!G1196 -> 0 | E32: ='insurance final cleaned'!E1196 -> 129 | F32: ='insurance final cleaned'!L1196 -> 30.2 | G32: ='insurance final cleaned'!M1196 -> 0 | H32: ='insurance final cleaned'!N1196 -> 1 | I32: ='insurance final cleaned'!O1196 -> 0 | J32: ='insurance final cleaned'!P1196 -> 0.024572739 | K32: ='insurance final cleaned'!Q1196 -> 1 | L32: ='insurance final cleaned'!R1196 -> 1 | M32: ='insurance final cleaned'!S1196 -> 1
A33: ='insurance final cleaned'!J231 -> 3471.41 | B33: ='insurance final cleaned'!B231 -> 42 | C33: ='insurance final cleaned'!D231 -> 38.9 | D33: ='insurance final cleaned'!G231 -> 1 | E33: ='insurance final cleaned'!E231 -> 94 | F33: ='insurance final cleaned'!L231 -> 0 | G33: ='insurance final cleaned'!M231 -> 1 | H33: ='insurance final cleaned'!N231 -> 0 | I33: ='insurance final cleaned'!O231 -> 0 | J33: ='insurance final cleaned'!P231 -> 0.026428223 | K33: ='insurance final cleaned'!Q231 -> 0 | L33: ='insurance final cleaned'!R231 -> 0 | M33: ='insurance final cleaned'!S231 -> 0
A34: ='insurance final cleaned'!J78 -> 1842.52 | B34: ='insurance final cleaned'!B78 -> 38 | C34: ='insurance final cleaned'!D78 -> 28.4 | D34: ='insurance final cleaned'!G78 -> 1 | E34: ='insurance final cleaned'!E78 -> 87 | F34: ='insurance final cleaned'!L78 -> 0 | G34: ='insurance final cleaned'!M78 -> 0 | H34: ='insurance final cleaned'!N78 -> 1 | I34: ='insurance final cleaned'!O78 -> 0 | J34: ='insurance final cleaned'!P78 -> 0.027157038 | K34: ='insurance final cleaned'!Q78 -> 0 | L34: ='insurance final cleaned'!R78 -> 0 | M34: ='insurance final cleaned'!S78 -> 0
A35: ='insurance final cleaned'!J640 -> 8827.21 | B35: ='insurance final cleaned'!B640 -> 31 | C35: ='insurance final cleaned'!D640 -> 26.4 | D35: ='insurance final cleaned'!G640 -> 0 | E35: ='insurance final cleaned'!E640 -> 100 | F35: ='insurance final cleaned'!L640 -> 0 | G35: ='insurance final cleaned'!M640 -> 0 | H35: ='insurance final cleaned'!N640 -> 0 | I35: ='insurance final cleaned'!O640 -> 1 | J35: ='insurance final cleaned'!P640 -> 0.027181772 | K35: ='insurance final cleaned'!Q640 -> 0 | L35: ='insurance final cleaned'!R640 -> 1 | M35: ='insurance final cleaned'!S640 -> 0
A36: ='insurance final cleaned'!J74 -> 1826.84 | B36: ='insurance final cleaned'!B74 -> 22 | C36: ='insurance final cleaned'!D74 -> 34.4 | D36: ='insurance final cleaned'!G74 -> 0 | E36: ='insurance final cleaned'!E74 -> 98 | F36: ='insurance final cleaned'!L74 -> 0 | G36: ='insurance final cleaned'!M74 -> 0 | H36: ='insurance final cleaned'!N74 -> 1 | I36: ='insurance final cleaned'!O74 -> 0 | J36: ='insurance final cleaned'!P74 -> 0.027306245 | K36: ='insurance final cleaned'!Q74 -> 0 | L36: ='insurance final cleaned'!R74 -> 1 | M36: ='insurance final cleaned'!S74 -> 0
A37: ='insurance final cleaned'!J845 -> 11938.26 | B37: ='insurance final cleaned'!B845 -> 44 | C37: ='insurance final cleaned'!D845 -> 30.3 | D37: ='insurance final cleaned'!G845 -> 0 | E37: ='insurance final cleaned'!E845 -> 102 | F37: ='insurance final cleaned'!L845 -> 0 | G37: ='insurance final cleaned'!M845 -> 0 | H37: ='insurance final cleaned'!N845 -> 0 | I37: ='insurance final cleaned'!O845 -> 0 | J37: ='insurance final cleaned'!P845 -> 0.029130317 | K37: ='insurance final cleaned'!Q845 -> 0 | L37: ='insurance final cleaned'!R845 -> 1 | M37: ='insurance final cleaned'!S845 -> 0
A38: ='insurance final cleaned'!J105 -> 2128.43 | B38: ='insurance final cleaned'!B105 -> 42 | C38: ='insurance final cleaned'!D105 -> 30.5 | D38: ='insurance final cleaned'!G105 -> 0 | E38: ='insurance final cleaned'!E105 -> 99 | F38: ='insurance final cleaned'!L105 -> 0 | G38: ='insurance final cleaned'!M105 -> 0 | H38: ='insurance final cleaned'!N105 -> 0 | I38: ='insurance final cleaned'!O105 -> 1 | J38: ='insurance final cleaned'!P105 -> 0.03010446 | K38: ='insurance final cleaned'!Q105 -> 0 | L38: ='insurance final cleaned'!R105 -> 0 | M38: ='insurance final cleaned'!S105 -> 1
A39: ='insurance final cleaned'!J748 -> 10579.71 | B39: ='insurance final cleaned'!B748 -> 55 | C39: ='insurance final cleaned'!D748 -> 39.6 | D39: ='insurance final cleaned'!G748 -> 1 | E39: ='insurance final cleaned'!E748 -> 91 | F39: ='insurance final cleaned'!L748 -> 0 | G39: ='insurance final cleaned'!M748 -> 1 | H39: ='insurance final cleaned'!N748 -> 0 | I39: ='insurance final cleaned'!O748 -> 0 | J39: ='insurance final cleaned'!P748 -> 0.030128125 | K39: ='insurance final cleaned'!Q748 -> 0 | L39: ='insurance final cleaned'!R748 -> 0 | M39: ='insurance final cleaned'!S748 -> 1
A40: ='insurance final cleaned'!J484 -> 6664.69 | B40: ='insurance final cleaned'!B484 -> 29 | C40: ='insurance final cleaned'!D484 -> 28.4 | D40: ='insurance final cleaned'!G484 -> 1 | E40: ='insurance final cleaned'!E484 -> 87 | F40: ='insurance final cleaned'!L484 -> 0 | G40: ='insurance final cleaned'!M484 -> 0 | H40: ='insurance final cleaned'!N484 -> 0 | I40: ='insurance final cleaned'!O484 -> 1 | J40: ='insurance final cleaned'!P484 -> 0.030497679 | K40: ='insurance final cleaned'!Q484 -> 0 | L40: ='insurance final cleaned'!R484 -> 0 | M40: ='insurance final cleaned'!S484 -> 0
A41: ='insurance final cleaned'!J533 -> 7325.05 | B41: ='insurance final cleaned'!B533 -> 25 | C41: ='insurance final cleaned'!D533 -> 25.1 | D41: ='insurance final cleaned'!G533 -> 0 | E41: ='insurance final cleaned'!E533 -> 94 | F41: ='insurance final cleaned'!L533 -> 0 | G41: ='insurance final cleaned'!M533 -> 1 | H41: ='insurance final cleaned'!N533 -> 0 | I41: ='insurance final cleaned'!O533 -> 0 | J41: ='insurance final cleaned'!P533 -> 0.030791905 | K41: ='insurance final cleaned'!Q533 -> 0 | L41: ='insurance final cleaned'!R533 -> 1 | M41: ='insurance final cleaned'!S533 -> 1
A42: ='insurance final cleaned'!J1070 -> 20149.32 | B42: ='insurance final cleaned'!B1070 -> 19 | C42: ='insurance final cleaned'!D1070 -> 26.4 | D42: ='insurance final cleaned'!G1070 -> 0 | E42: ='insurance final cleaned'!E1070 -> 87 | F42: ='insurance final cleaned'!L1070 -> 26.4 | G42: ='insurance final cleaned'!M1070 -> 0 | H42: ='insurance final cleaned'!N1070 -> 0 | I42: ='insurance final cleaned'!O1070 -> 0 | J42: ='insurance final cleaned'!P1070 -> 0.031056392 | K42: ='insurance final cleaned'!Q1070 -> 1 | L42: ='insurance final cleaned'!R1070 -> 1 | M42: ='insurance final cleaned'!S1070 -> 0
A43: ='insurance final cleaned'!J120 -> 2203.47 | B43: ='insurance final cleaned'!B120 -> 58 | C43: ='insurance final cleaned'!D120 -> 30.1 | D43: ='insurance final cleaned'!G120 -> 0 | E43: ='insurance final cleaned'!E120 -> 81 | F43: ='insurance final cleaned'!L120 -> 0 | G43: ='insurance final cleaned'!M120 -> 1 | H43: ='insurance final cleaned'!N120 -> 0 | I43: ='insurance final cleaned'!O120 -> 0 | J43: ='insurance final cleaned'!P120 -> 0.0322688 | K43: ='insurance final cleaned'!Q120 -> 0 | L43: ='insurance final cleaned'!R120 -> 1 | M43: ='insurance final cleaned'!S120 -> 1
A44: ='insurance final cleaned'!J869 -> 12323.94 | B44: ='insurance final cleaned'!B869 -> 46 | C44: ='insurance final cleaned'!D869 -> 24.7 | D44: ='insurance final cleaned'!G869 -> 0 | E44: ='insurance final cleaned'!E869 -> 84 | F44: ='insurance final cleaned'!L869 -> 0 | G44: ='insurance final cleaned'!M869 -> 0 | H44: ='insurance final cleaned'!N869 -> 0 | I44: ='insurance final cleaned'!O869 -> 0 | J44: ='insurance final cleaned'!P869 -> 0.032655084 | K44: ='insurance final cleaned'!Q869 -> 0 | L44: ='insurance final cleaned'!R869 -> 0 | M44: ='insurance final cleaned'!S869 -> 0
A45: ='insurance final cleaned'!J323 -> 4561.19 | B45: ='insurance final cleaned'!B323 -> 43 | C45: ='insurance final cleaned'!D323 -> 31.4 | D45: ='insurance final cleaned'!G323 -> 4 | E45: ='insurance final cleaned'!E323 -> 99 | F45: ='insurance final cleaned'!L323 -> 0 | G45: ='insurance final cleaned'!M323 -> 1 | H45: ='insurance final cleaned'!N323 -> 0 | I45: ='insurance final cleaned'!O323 -> 0 | J45: ='insurance final cleaned'!P323 -> 0.033149116 | K45: ='insurance final cleaned'!Q323 -> 0 | L45: ='insurance final cleaned'!R323 -> 0 | M45: ='insurance final cleaned'!S323 -> 1
A46: ='insurance final cleaned'!J1041 -> 18804.75 | B46: ='insurance final cleaned'!B1041 -> 39 | C46: ='insurance final cleaned'!D1041 -> 30.4 | D46: ='insurance final cleaned'!G1041 -> 3 | E46: ='insurance final cleaned'!E1041 -> 92 | F46: ='insurance final cleaned'!L1041 -> 0 | G46: ='insurance final cleaned'!M1041 -> 0 | H46: ='insurance final cleaned'!N1041 -> 0 | I46: ='insurance final cleaned'!O1041 -> 1 | J46: ='insurance final cleaned'!P1041 -> 0.035142119 | K46: ='insurance final cleaned'!Q1041 -> 0 | L46: ='insurance final cleaned'!R1041 -> 1 | M46: ='insurance final cleaned'!S1041 -> 1
A47: ='insurance final cleaned'!J847 -> 11945.13 | B47: ='insurance final cleaned'!B847 -> 48 | C47: ='insurance final cleaned'!D847 -> 33.6 | D47: ='insurance final cleaned'!G847 -> 1 | E47: ='insurance final cleaned'!E847 -> 97 | F47: ='insurance final cleaned'!L847 -> 0 | G47: ='insurance final cleaned'!M847 -> 0 | H47: ='insurance final cleaned'!N847 -> 0 | I47: ='insurance final cleaned'!O847 -> 1 | J47: ='insurance final cleaned'!P847 -> 0.035615093 | K47: ='insurance final cleaned'!Q847 -> 0 | L47: ='insurance final cleaned'!R847 -> 0 | M47: ='insurance final cleaned'!S847 -> 0
A48: ='insurance final cleaned'!J496 -> 6837.37 | B48: ='insurance final cleaned'!B496 -> 32 | C48: ='insurance final cleaned'!D496 -> 26 | D48: ='insurance final cleaned'!G496 -> 0 | E48: ='insurance final cleaned'!E496 -> 90 | F48: ='insurance final cleaned'!L496 -> 0 | G48: ='insurance final cleaned'!M496 -> 1 | H48: ='insurance final cleaned'!N496 -> 0 | I48: ='insurance final cleaned'!O496 -> 0 | J48: ='insurance final cleaned'!P496 -> 0.036796588 | K48: ='insurance final cleaned'!Q496 -> 0 | L48: ='insurance final cleaned'!R496 -> 0 | M48: ='insurance final cleaned'!S496 -> 0
A49: ='insurance final cleaned'!J117 -> 2198.19 | B49: ='insurance final cleaned'!B117 -> 26 | C49: ='insurance final cleaned'!D117 -> 26.3 | D49: ='insurance final cleaned'!G117 -> 0 | E49: ='insurance final cleaned'!E117 -> 87 | F49: ='insurance final cleaned'!L117 -> 0 | G49: ='insurance final cleaned'!M117 -> 1 | H49: ='insurance final cleaned'!N117 -> 0 | I49: ='insurance final cleaned'!O117 -> 0 | J49: ='insurance final cleaned'!P117 -> 0.037131385 | K49: ='insurance final cleaned'!Q117 -> 0 | L49: ='insurance final cleaned'!R117 -> 1 | M49: ='insurance final cleaned'!S117 -> 1
A50: ='insurance final cleaned'!J764 -> 10807.49 | B50: ='insurance final cleaned'!B764 -> 28 | C50: ='insurance final cleaned'!D764 -> 32.7 | D50: ='insurance final cleaned'!G764 -> 1 | E50: ='insurance final cleaned'!E764 -> 103 | F50: ='insurance final cleaned'!L764 -> 0 | G50: ='insurance final cleaned'!M764 -> 1 | H50: ='insurance final cleaned'!N764 -> 0 | I50: ='insurance final cleaned'!O764 -> 0 | J50: ='insurance final cleaned'!P764 -> 0.038676449 | K50: ='insurance final cleaned'!Q764 -> 0 | L50: ='insurance final cleaned'!R764 -> 0 | M50: ='insurance final cleaned'!S764 -> 0
A51: ='insurance final cleaned'!J1071 -> 20167.34 | B51: ='insurance final cleaned'!B1071 -> 28 | C51: ='insurance final cleaned'!D1071 -> 21.8 | D51: ='insurance final cleaned'!G1071 -> 0 | E51: ='insurance final cleaned'!E1071 -> 81 | F51: ='insurance final cleaned'!L1071 -> 21.8 | G51: ='insurance final cleaned'!M1071 -> 0 | H51: ='insurance final cleaned'!N1071 -> 1 | I51: ='insurance final cleaned'!O1071 -> 0 | J51: ='insurance final cleaned'!P1071 -> 0.039192776 | K51: ='insurance final cleaned'!Q1071 -> 1 | L51: ='insurance final cleaned'!R1071 -> 0 | M51: ='insurance final cleaned'!S1071 -> 1
A52: ='insurance final cleaned'!J951 -> 13981.85 | B52: ='insurance final cleaned'!B951 -> 43 | C52: ='insurance final cleaned'!D951 -> 36.8 | D52: ='insurance final cleaned'!G951 -> 0 | E52: ='insurance final cleaned'!E951 -> 85 | F52: ='insurance final cleaned'!L951 -> 0 | G52: ='insurance final cleaned'!M951 -> 0 | H52: ='insurance final cleaned'!N951 -> 0 | I52: ='insurance final cleaned'!O951 -> 0 | J52: ='insurance final cleaned'!P951 -> 0.039566533 | K52: ='insurance final cleaned'!Q951 -> 0 | L52: ='insurance final cleaned'!R951 -> 0 | M52: ='insurance final cleaned'!S951 -> 0
A53: ='insurance final cleaned'!J525 -> 7222.79 | B53: ='insurance final cleaned'!B525 -> 43 | C53: ='insurance final cleaned'!D525 -> 21.4 | D53: ='insurance final cleaned'!G525 -> 0 | E53: ='insurance final cleaned'!E525 -> 88 | F53: ='insurance final cleaned'!L525 -> 0 | G53: ='insurance final cleaned'!M525 -> 0 | H53: ='insurance final cleaned'!N525 -> 0 | I53: ='insurance final cleaned'!O525 -> 1 | J53: ='insurance final cleaned'!P525 -> 0.041294958 | K53: ='insurance final cleaned'!Q525 -> 0 | L53: ='insurance final cleaned'!R525 -> 0 | M53: ='insurance final cleaned'!S525 -> 0
A54: ='insurance final cleaned'!J928 -> 13430.27 | B54: ='insurance final cleaned'!B928 -> 51 | C54: ='insurance final cleaned'!D928 -> 32.3 | D54: ='insurance final cleaned'!G928 -> 3 | E54: ='insurance final cleaned'!E928 -> 83 | F54: ='insurance final cleaned'!L928 -> 0 | G54: ='insurance final cleaned'!M928 -> 0 | H54: ='insurance final cleaned'!N928 -> 0 | I54: ='insurance final cleaned'!O928 -> 0 | J54: ='insurance final cleaned'!P928 -> 0.042670696 | K54: ='insurance final cleaned'!Q928 -> 0 | L54: ='insurance final cleaned'!R928 -> 1 | M54: ='insurance final cleaned'!S928 -> 1
A55: ='insurance final cleaned'!J1286 -> 42760.5 | B55: ='insurance final cleaned'!B1286 -> 25 | C55: ='insurance final cleaned'!D1286 -> 36.5 | D55: ='insurance final cleaned'!G1286 -> 2 | E55: ='insurance final cleaned'!E1286 -> 104 | F55: ='insurance final cleaned'!L1286 -> 36.5 | G55: ='insurance final cleaned'!M1286 -> 0 | H55: ='insurance final cleaned'!N1286 -> 0 | I55: ='insurance final cleaned'!O1286 -> 1 | J55: ='insurance final cleaned'!P1286 -> 0.043375235 | K55: ='insurance final cleaned'!Q1286 -> 1 | L55: ='insurance final cleaned'!R1286 -> 1 | M55: ='insurance final cleaned'!S1286 -> 0
A56: ='insurance final cleaned'!J992 -> 15612.19 | B56: ='insurance final cleaned'!B992 -> 36 | C56: ='insurance final cleaned'!D992 -> 33 | D56: ='insurance final cleaned'!G992 -> 3 | E56: ='insurance final cleaned'!E992 -> 94 | F56: ='insurance final cleaned'!L992 -> 0 | G56: ='insurance final cleaned'!M992 -> 0 | H56: ='insurance final cleaned'!N992 -> 0 | I56: ='insurance final cleaned'!O992 -> 1 | J56: ='insurance final cleaned'!P992 -> 0.04349808 | K56: ='insurance final cleaned'!Q992 -> 0 | L56: ='insurance final cleaned'!R992 -> 0 | M56: ='insurance final cleaned'!S992 -> 1
A57: ='insurance final cleaned'!J1143 -> 25333.33 | B57: ='insurance final cleaned'!B1143 -> 29 | C57: ='insurance final cleaned'!D1143 -> 32.1 | D57: ='insurance final cleaned'!G1143 -> 2 | E57: ='insurance final cleaned'!E1143 -> 85 | F57: ='insurance final cleaned'!L1143 -> 0 | G57: ='insurance final cleaned'!M1143 -> 0 | H57: ='insurance final cleaned'!N1143 -> 0 | I57: ='insurance final cleaned'!O1143 -> 0 | J57: ='insurance final cleaned'!P1143 -> 0.043806963 | K57: ='insurance final cleaned'!Q1143 -> 0 | L57: ='insurance final cleaned'!R1143 -> 0 | M57: ='insurance final cleaned'!S1143 -> 0
A58: ='insurance final cleaned'!J828 -> 11741.73 | B58: ='insurance final cleaned'!B828 -> 54 | C58: ='insurance final cleaned'!D828 -> 28.1 | D58: ='insurance final cleaned'!G828 -> 3 | E58: ='insurance final cleaned'!E828 -> 83 | F58: ='insurance final cleaned'!L828 -> 0 | G58: ='insurance final cleaned'!M828 -> 0 | H58: ='insurance final cleaned'!N828 -> 1 | I58: ='insurance final cleaned'!O828 -> 0 | J58: ='insurance final cleaned'!P828 -> 0.044218396 | K58: ='insurance final cleaned'!Q828 -> 0 | L58: ='insurance final cleaned'!R828 -> 0 | M58: ='insurance final cleaned'!S828 -> 1
A59: ='insurance final cleaned'!J268 -> 3972.92 | B59: ='insurance final cleaned'!B268 -> 53 | C59: ='insurance final cleaned'!D268 -> 28.9 | D59: ='insurance final cleaned'!G268 -> 0 | E59: ='insurance final cleaned'!E268 -> 93 | F59: ='insurance final cleaned'!L268 -> 0 | G59: ='insurance final cleaned'!M268 -> 1 | H59: ='insurance final cleaned'!N268 -> 0 | I59: ='insurance final cleaned'!O268 -> 0 | J59: ='insurance final cleaned'!P268 -> 0.04542694 | K59: ='insurance final cleaned'!Q268 -> 0 | L59: ='insurance final cleaned'!R268 -> 0 | M59: ='insurance final cleaned'!S268 -> 1
A60: ='insurance final cleaned'!J329 -> 4661.29 | B60: ='insurance final cleaned'!B329 -> 47 | C60: ='insurance final cleaned'!D329 -> 27.3 | D60: ='insurance final cleaned'!G329 -> 3 | E60: ='insurance final cleaned'!E329 -> 85 | F60: ='insurance final cleaned'!L329 -> 0 | G60: ='insurance final cleaned'!M329 -> 1 | H60: ='insurance final cleaned'!N329 -> 0 | I60: ='insurance final cleaned'!O329 -> 0 | J60: ='insurance final cleaned'!P329 -> 0.045734503 | K60: ='insurance final cleaned'!Q329 -> 0 | L60: ='insurance final cleaned'!R329 -> 1 | M60: ='insurance final cleaned'!S329 -> 0
A61: ='insurance final cleaned'!J596 -> 8283.68 | B61: ='insurance final cleaned'!B596 -> 33 | C61: ='insurance final cleaned'!D596 -> 33.3 | D61: ='insurance final cleaned'!G596 -> 0 | E61: ='insurance final cleaned'!E596 -> 93 | F61: ='insurance final cleaned'!L596 -> 0 | G61: ='insurance final cleaned'!M596 -> 1 | H61: ='insurance final cleaned'!N596 -> 0 | I61: ='insurance final cleaned'!O596 -> 0 | J61: ='insurance final cleaned'!P596 -> 0.045932398 | K61: ='insurance final cleaned'!Q596 -> 0 | L61: ='insurance final cleaned'!R596 -> 1 | M61: ='insurance final cleaned'!S596 -> 1
A62: ='insurance final cleaned'!J432 -> 5989.52 | B62: ='insurance final cleaned'!B432 -> 33 | C62: ='insurance final cleaned'!D432 -> 37.3 | D62: ='insurance final cleaned'!G432 -> 2 | E62: ='insurance final cleaned'!E432 -> 95 | F62: ='insurance final cleaned'!L432 -> 0 | G62: ='insurance final cleaned'!M432 -> 0 | H62: ='insurance final cleaned'!N432 -> 0 | I62: ='insurance final cleaned'!O432 -> 1 | J62: ='insurance final cleaned'!P432 -> 0.047565718 | K62: ='insurance final cleaned'!Q432 -> 0 | L62: ='insurance final cleaned'!R432 -> 1 | M62: ='insurance final cleaned'!S432 -> 1
A63: ='insurance final cleaned'!J874 -> 12430.95 | B63: ='insurance final cleaned'!B874 -> 36 | C63: ='insurance final cleaned'!D874 -> 33 | D63: ='insurance final cleaned'!G874 -> 0 | E63: ='insurance final cleaned'!E874 -> 82 | F63: ='insurance final cleaned'!L874 -> 0 | G63: ='insurance final cleaned'!M874 -> 0 | H63: ='insurance final cleaned'!N874 -> 0 | I63: ='insurance final cleaned'!O874 -> 0 | J63: ='insurance final cleaned'!P874 -> 0.048256744 | K63: ='insurance final cleaned'!Q874 -> 0 | L63: ='insurance final cleaned'!R874 -> 1 | M63: ='insurance final cleaned'!S874 -> 1
A64: ='insurance final cleaned'!J1025 -> 17878.9 | B64: ='insurance final cleaned'!B1025 -> 51 | C64: ='insurance final cleaned'!D1025 -> 41.3 | D64: ='insurance final cleaned'!G1025 -> 0 | E64: ='insurance final cleaned'!E1025 -> 98 | F64: ='insurance final cleaned'!L1025 -> 0 | G64: ='insurance final cleaned'!M1025 -> 0 | H64: ='insurance final cleaned'!N1025 -> 0 | I64: ='insurance final cleaned'!O1025 -> 0 | J64: ='insurance final cleaned'!P1025 -> 0.048574307 | K64: ='insurance final cleaned'!Q1025 -> 0 | L64: ='insurance final cleaned'!R1025 -> 0 | M64: ='insurance final cleaned'!S1025 -> 1
A65: ='insurance final cleaned'!J611 -> 8520.03 | B65: ='insurance final cleaned'!B611 -> 44 | C65: ='insurance final cleaned'!D611 -> 30.9 | D65: ='insurance final cleaned'!G611 -> 2 | E65: ='insurance final cleaned'!E611 -> 80 | F65: ='insurance final cleaned'!L611 -> 0 | G65: ='insurance final cleaned'!M611 -> 0 | H65: ='insurance final cleaned'!N611 -> 1 | I65: ='insurance final cleaned'!O611 -> 0 | J65: ='insurance final cleaned'!P611 -> 0.049067316 | K65: ='insurance final cleaned'!Q611 -> 0 | L65: ='insurance final cleaned'!R611 -> 1 | M65: ='insurance final cleaned'!S611 -> 1
A66: ='insurance final cleaned'!J606 -> 8442.67 | B66: ='insurance final cleaned'!B606 -> 34 | C66: ='insurance final cleaned'!D606 -> 25.3 | D66: ='insurance final cleaned'!G606 -> 0 | E66: ='insurance final cleaned'!E606 -> 100 | F66: ='insurance final cleaned'!L606 -> 0 | G66: ='insurance final cleaned'!M606 -> 1 | H66: ='insurance final cleaned'!N606 -> 0 | I66: ='insurance final cleaned'!O606 -> 0 | J66: ='insurance final cleaned'!P606 -> 0.050214013 | K66: ='insurance final cleaned'!Q606 -> 0 | L66: ='insurance final cleaned'!R606 -> 0 | M66: ='insurance final cleaned'!S606 -> 0
A67: ='insurance final cleaned'!J155 -> 2527.82 | B67: ='insurance final cleaned'!B155 -> 28 | C67: ='insurance final cleaned'!D155 -> 20.2 | D67: ='insurance final cleaned'!G155 -> 0 | E67: ='insurance final cleaned'!E155 -> 82 | F67: ='insurance final cleaned'!L155 -> 0 | G67: ='insurance final cleaned'!M155 -> 0 | H67: ='insurance final cleaned'!N155 -> 0 | I67: ='insurance final cleaned'!O155 -> 1 | J67: ='insurance final cleaned'!P155 -> 0.051603475 | K67: ='insurance final cleaned'!Q155 -> 0 | L67: ='insurance final cleaned'!R155 -> 0 | M67: ='insurance final cleaned'!S155 -> 1
A68: ='insurance final cleaned'!J137 -> 2352.97 | B68: ='insurance final cleaned'!B137 -> 29 | C68: ='insurance final cleaned'!D137 -> 23.7 | D68: ='insurance final cleaned'!G137 -> 0 | E68: ='insurance final cleaned'!E137 -> 89 | F68: ='insurance final cleaned'!L137 -> 0 | G68: ='insurance final cleaned'!M137 -> 0 | H68: ='insurance final cleaned'!N137 -> 0 | I68: ='insurance final cleaned'!O137 -> 1 | J68: ='insurance final cleaned'!P137 -> 0.051981071 | K68: ='insurance final cleaned'!Q137 -> 0 | L68: ='insurance final cleaned'!R137 -> 1 | M68: ='insurance final cleaned'!S137 -> 0
A69: ='insurance final cleaned'!J1142 -> 25309.49 | B69: ='insurance final cleaned'!B1142 -> 19 | C69: ='insurance final cleaned'!D1142 -> 29.8 | D69: ='insurance final cleaned'!G1142 -> 3 | E69: ='insurance final cleaned'!E1142 -> 89 | F69: ='insurance final cleaned'!L1142 -> 29.8 | G69: ='insurance final cleaned'!M1142 -> 0 | H69: ='insurance final cleaned'!N1142 -> 1 | I69: ='insurance final cleaned'!O1142 -> 0 | J69: ='insurance final cleaned'!P1142 -> 0.052697371 | K69: ='insurance final cleaned'!Q1142 -> 1 | L69: ='insurance final cleaned'!R1142 -> 0 | M69: ='insurance final cleaned'!S1142 -> 0
A70: ='insurance final cleaned'!J232 -> 3481.87 | B70: ='insurance final cleaned'!B232 -> 22 | C70: ='insurance final cleaned'!D232 -> 30.4 | D70: ='insurance final cleaned'!G232 -> 3 | E70: ='insurance final cleaned'!E232 -> 95 | F70: ='insurance final cleaned'!L232 -> 0 | G70: ='insurance final cleaned'!M232 -> 1 | H70: ='insurance final cleaned'!N232 -> 0 | I70: ='insurance final cleaned'!O232 -> 0 | J70: ='insurance final cleaned'!P232 -> 0.055329836 | K70: ='insurance final cleaned'!Q232 -> 0 | L70: ='insurance final cleaned'!R232 -> 1 | M70: ='insurance final cleaned'!S232 -> 0
A71: ='insurance final cleaned'!J750 -> 10594.5 | B71: ='insurance final cleaned'!B750 -> 25 | C71: ='insurance final cleaned'!D750 -> 27.6 | D71: ='insurance final cleaned'!G750 -> 0 | E71: ='insurance final cleaned'!E750 -> 110 | F71: ='insurance final cleaned'!L750 -> 0 | G71: ='insurance final cleaned'!M750 -> 0 | H71: ='insurance final cleaned'!N750 -> 0 | I71: ='insurance final cleaned'!O750 -> 1 | J71: ='insurance final cleaned'!P750 -> 0.056156448 | K71: ='insurance final cleaned'!Q750 -> 0 | L71: ='insurance final cleaned'!R750 -> 1 | M71: ='insurance final cleaned'!S750 -> 0
A72: ='insurance final cleaned'!J449 -> 6250.44 | B72: ='insurance final cleaned'!B449 -> 45 | C72: ='insurance final cleaned'!D449 -> 23.2 | D72: ='insurance final cleaned'!G449 -> 0 | E72: ='insurance final cleaned'!E449 -> 92 | F72: ='insurance final cleaned'!L449 -> 0 | G72: ='insurance final cleaned'!M449 -> 0 | H72: ='insurance final cleaned'!N449 -> 1 | I72: ='insurance final cleaned'!O449 -> 0 | J72: ='insurance final cleaned'!P449 -> 0.056537753 | K72: ='insurance final cleaned'!Q449 -> 0 | L72: ='insurance final cleaned'!R449 -> 0 | M72: ='insurance final cleaned'!S449 -> 0
A73: ='insurance final cleaned'!J471 -> 6500.24 | B73: ='insurance final cleaned'!B471 -> 53 | C73: ='insurance final cleaned'!D471 -> 29.8 | D73: ='insurance final cleaned'!G471 -> 1 | E73: ='insurance final cleaned'!E471 -> 99 | F73: ='insurance final cleaned'!L471 -> 0 | G73: ='insurance final cleaned'!M471 -> 1 | H73: ='insurance final cleaned'!N471 -> 0 | I73: ='insurance final cleaned'!O471 -> 0 | J73: ='insurance final cleaned'!P471 -> 0.057326483 | K73: ='insurance final cleaned'!Q471 -> 0 | L73: ='insurance final cleaned'!R471 -> 0 | M73: ='insurance final cleaned'!S471 -> 1
A74: ='insurance final cleaned'!J784 -> 11093.62 | B74: ='insurance final cleaned'!B784 -> 48 | C74: ='insurance final cleaned'!D784 -> 41.9 | D74: ='insurance final cleaned'!G784 -> 0 | E74: ='insurance final cleaned'!E784 -> 99 | F74: ='insurance final cleaned'!L784 -> 0 | G74: ='insurance final cleaned'!M784 -> 1 | H74: ='insurance final cleaned'!N784 -> 0 | I74: ='insurance final cleaned'!O784 -> 0 | J74: ='insurance final cleaned'!P784 -> 0.057405694 | K74: ='insurance final cleaned'!Q784 -> 0 | L74: ='insurance final cleaned'!R784 -> 1 | M74: ='insurance final cleaned'!S784 -> 1
A75: ='insurance final cleaned'!J1037 -> 18608.26 | B75: ='insurance final cleaned'!B1037 -> 45 | C75: ='insurance final cleaned'!D1037 -> 22.6 | D75: ='insurance final cleaned'!G1037 -> 2 | E75: ='insurance final cleaned'!E1037 -> 96 | F75: ='insurance final cleaned'!L1037 -> 22.6 | G75: ='insurance final cleaned'!M1037 -> 0 | H75: ='insurance final cleaned'!N1037 -> 1 | I75: ='insurance final cleaned'!O1037 -> 0 | J75: ='insurance final cleaned'!P1037 -> 0.057830476 | K75: ='insurance final cleaned'!Q1037 -> 1 | L75: ='insurance final cleaned'!R1037 -> 0 | M75: ='insurance final cleaned'!S1037 -> 1
A76: ='insurance final cleaned'!J651 -> 8988.16 | B76: ='insurance final cleaned'!B651 -> 37 | C76: ='insurance final cleaned'!D651 -> 29.9 | D76: ='insurance final cleaned'!G651 -> 0 | E76: ='insurance final cleaned'!E651 -> 85 | F76: ='insurance final cleaned'!L651 -> 0 | G76: ='insurance final cleaned'!M651 -> 0 | H76: ='insurance final cleaned'!N651 -> 0 | I76: ='insurance final cleaned'!O651 -> 1 | J76: ='insurance final cleaned'!P651 -> 0.058329129 | K76: ='insurance final cleaned'!Q651 -> 0 | L76: ='insurance final cleaned'!R651 -> 0 | M76: ='insurance final cleaned'!S651 -> 1
A77: ='insurance final cleaned'!J1081 -> 20773.63 | B77: ='insurance final cleaned'!B1081 -> 49 | C77: ='insurance final cleaned'!D1081 -> 28 | D77: ='insurance final cleaned'!G1081 -> 1 | E77: ='insurance final cleaned'!E1081 -> 106 | F77: ='insurance final cleaned'!L1081 -> 28 | G77: ='insurance final cleaned'!M1081 -> 0 | H77: ='insurance final cleaned'!N1081 -> 0 | I77: ='insurance final cleaned'!O1081 -> 0 | J77: ='insurance final cleaned'!P1081 -> 0.058449864 | K77: ='insurance final cleaned'!Q1081 -> 1 | L77: ='insurance final cleaned'!R1081 -> 0 | M77: ='insurance final cleaned'!S1081 -> 0
A78: ='insurance final cleaned'!J46 -> 1646.43 | B78: ='insurance final cleaned'!B46 -> 37 | C78: ='insurance final cleaned'!D46 -> 35.5 | D78: ='insurance final cleaned'!G46 -> 0 | E78: ='insurance final cleaned'!E46 -> 91 | F78: ='insurance final cleaned'!L46 -> 0 | G78: ='insurance final cleaned'!M46 -> 0 | H78: ='insurance final cleaned'!N46 -> 0 | I78: ='insurance final cleaned'!O46 -> 1 | J78: ='insurance final cleaned'!P46 -> 0.059356092 | K78: ='insurance final cleaned'!Q46 -> 0 | L78: ='insurance final cleaned'!R46 -> 0 | M78: ='insurance final cleaned'!S46 -> 0
A79: ='insurance final cleaned'!J577 -> 8027.97 | B79: ='insurance final cleaned'!B577 -> 42 | C79: ='insurance final cleaned'!D577 -> 28.7 | D79: ='insurance final cleaned'!G577 -> 2 | E79: ='insurance final cleaned'!E577 -> 88 | F79: ='insurance final cleaned'!L577 -> 0 | G79: ='insurance final cleaned'!M577 -> 0 | H79: ='insurance final cleaned'!N577 -> 1 | I79: ='insurance final cleaned'!O577 -> 0 | J79: ='insurance final cleaned'!P577 -> 0.059458201 | K79: ='insurance final cleaned'!Q577 -> 0 | L79: ='insurance final cleaned'!R577 -> 0 | M79: ='insurance final cleaned'!S577 -> 0
A80: ='insurance final cleaned'!J118 -> 2200.83 | B80: ='insurance final cleaned'!B118 -> 49 | C80: ='insurance final cleaned'!D118 -> 28.2 | D80: ='insurance final cleaned'!G118 -> 0 | E80: ='insurance final cleaned'!E118 -> 98 | F80: ='insurance final cleaned'!L118 -> 0 | G80: ='insurance final cleaned'!M118 -> 1 | H80: ='insurance final cleaned'!N118 -> 0 | I80: ='insurance final cleaned'!O118 -> 0 | J80: ='insurance final cleaned'!P118 -> 0.060439127 | K80: ='insurance final cleaned'!Q118 -> 0 | L80: ='insurance final cleaned'!R118 -> 1 | M80: ='insurance final cleaned'!S118 -> 1
A81: ='insurance final cleaned'!J499 -> 6875.96 | B81: ='insurance final cleaned'!B499 -> 45 | C81: ='insurance final cleaned'!D499 -> 32.2 | D81: ='insurance final cleaned'!G499 -> 2 | E81: ='insurance final cleaned'!E499 -> 100 | F81: ='insurance final cleaned'!L499 -> 0 | G81: ='insurance final cleaned'!M499 -> 0 | H81: ='insurance final cleaned'!N499 -> 1 | I81: ='insurance final cleaned'!O499 -> 0 | J81: ='insurance final cleaned'!P499 -> 0.064236287 | K81: ='insurance final cleaned'!Q499 -> 0 | L81: ='insurance final cleaned'!R499 -> 1 | M81: ='insurance final cleaned'!S499 -> 0
A82: ='insurance final cleaned'!J215 -> 3260.2 | B82: ='insurance final cleaned'!B215 -> 35 | C82: ='insurance final cleaned'!D215 -> 20.4 | D82: ='insurance final cleaned'!G215 -> 0 | E82: ='insurance final cleaned'!E215 -> 88 | F82: ='insurance final cleaned'!L215 -> 0 | G82: ='insurance final cleaned'!M215 -> 0 | H82: ='insurance final cleaned'!N215 -> 1 | I82: ='insurance final cleaned'!O215 -> 0 | J82: ='insurance final cleaned'!P215 -> 0.064644164 | K82: ='insurance final cleaned'!Q215 -> 0 | L82: ='insurance final cleaned'!R215 -> 0 | M82: ='insurance final cleaned'!S215 -> 0
A83: ='insurance final cleaned'!J340 -> 4747.05 | B83: ='insurance final cleaned'!B340 -> 44 | C83: ='insurance final cleaned'!D340 -> 27.6 | D83: ='insurance final cleaned'!G340 -> 1 | E83: ='insurance final cleaned'!E340 -> 86 | F83: ='insurance final cleaned'!L340 -> 0 | G83: ='insurance final cleaned'!M340 -> 1 | H83: ='insurance final cleaned'!N340 -> 0 | I83: ='insurance final cleaned'!O340 -> 0 | J83: ='insurance final cleaned'!P340 -> 0.065132387 | K83: ='insurance final cleaned'!Q340 -> 0 | L83: ='insurance final cleaned'!R340 -> 0 | M83: ='insurance final cleaned'!S340 -> 0
A84: ='insurance final cleaned'!J984 -> 15006.58 | B84: ='insurance final cleaned'!B984 -> 39 | C84: ='insurance final cleaned'!D984 -> 18 | D84: ='insurance final cleaned'!G984 -> 2 | E84: ='insurance final cleaned'!E984 -> 100 | F84: ='insurance final cleaned'!L984 -> 18 | G84: ='insurance final cleaned'!M984 -> 0 | H84: ='insurance final cleaned'!N984 -> 0 | I84: ='insurance final cleaned'!O984 -> 0 | J84: ='insurance final cleaned'!P984 -> 0.065360109 | K84: ='insurance final cleaned'!Q984 -> 1 | L84: ='insurance final cleaned'!R984 -> 1 | M84: ='insurance final cleaned'!S984 -> 1
A85: ='insurance final cleaned'!J1330 -> 48675.52 | B85: ='insurance final cleaned'!B1330 -> 45 | C85: ='insurance final cleaned'!D1330 -> 42.1 | D85: ='insurance final cleaned'!G1330 -> 1 | E85: ='insurance final cleaned'!E1330 -> 117 | F85: ='insurance final cleaned'!L1330 -> 42.1 | G85: ='insurance final cleaned'!M1330 -> 1 | H85: ='insurance final cleaned'!N1330 -> 0 | I85: ='insurance final cleaned'!O1330 -> 0 | J85: ='insurance final cleaned'!P1330 -> 0.065361729 | K85: ='insurance final cleaned'!Q1330 -> 1 | L85: ='insurance final cleaned'!R1330 -> 0 | M85: ='insurance final cleaned'!S1330 -> 0
A86: ='insurance final cleaned'!J915 -> 13143.34 | B86: ='insurance final cleaned'!B915 -> 22 | C86: ='insurance final cleaned'!D915 -> 33.5 | D86: ='insurance final cleaned'!G915 -> 0 | E86: ='insurance final cleaned'!E915 -> 101 | F86: ='insurance final cleaned'!L915 -> 0 | G86: ='insurance final cleaned'!M915 -> 0 | H86: ='insurance final cleaned'!N915 -> 0 | I86: ='insurance final cleaned'!O915 -> 0 | J86: ='insurance final cleaned'!P915 -> 0.065971618 | K86: ='insurance final cleaned'!Q915 -> 0 | L86: ='insurance final cleaned'!R915 -> 1 | M86: ='insurance final cleaned'!S915 -> 0
A87: ='insurance final cleaned'!J1237 -> 37742.58 | B87: ='insurance final cleaned'!B1237 -> 19 | C87: ='insurance final cleaned'!D1237 -> 34.4 | D87: ='insurance final cleaned'!G1237 -> 0 | E87: ='insurance final cleaned'!E1237 -> 106 | F87: ='insurance final cleaned'!L1237 -> 34.4 | G87: ='insurance final cleaned'!M1237 -> 1 | H87: ='insurance final cleaned'!N1237 -> 0 | I87: ='insurance final cleaned'!O1237 -> 0 | J87: ='insurance final cleaned'!P1237 -> 0.066580284 | K87: ='insurance final cleaned'!Q1237 -> 1 | L87: ='insurance final cleaned'!R1237 -> 0 | M87: ='insurance final cleaned'!S1237 -> 0
A88: ='insurance final cleaned'!J1217 -> 36124.57 | B88: ='insurance final cleaned'!B1217 -> 22 | C88: ='insurance final cleaned'!D1217 -> 33.3 | D88: ='insurance final cleaned'!G1217 -> 2 | E88: ='insurance final cleaned'!E1217 -> 117 | F88: ='insurance final cleaned'!L1217 -> 33.3 | G88: ='insurance final cleaned'!M1217 -> 1 | H88: ='insurance final cleaned'!N1217 -> 0 | I88: ='insurance final cleaned'!O1217 -> 0 | J88: ='insurance final cleaned'!P1217 -> 0.067527201 | K88: ='insurance final cleaned'!Q1217 -> 1 | L88: ='insurance final cleaned'!R1217 -> 0 | M88: ='insurance final cleaned'!S1217 -> 0
A89: ='insurance final cleaned'!J171 -> 2719.28 | B89: ='insurance final cleaned'!B171 -> 41 | C89: ='insurance final cleaned'!D171 -> 31.8 | D89: ='insurance final cleaned'!G171 -> 1 | E89: ='insurance final cleaned'!E171 -> 88 | F89: ='insurance final cleaned'!L171 -> 0 | G89: ='insurance final cleaned'!M171 -> 0 | H89: ='insurance final cleaned'!N171 -> 0 | I89: ='insurance final cleaned'!O171 -> 1 | J89: ='insurance final cleaned'!P171 -> 0.06897108 | K89: ='insurance final cleaned'!Q171 -> 0 | L89: ='insurance final cleaned'!R171 -> 1 | M89: ='insurance final cleaned'!S171 -> 1
A90: ='insurance final cleaned'!J1199 -> 34254.05 | B90: ='insurance final cleaned'!B1199 -> 30 | C90: ='insurance final cleaned'!D1199 -> 31.1 | D90: ='insurance final cleaned'!G1199 -> 0 | E90: ='insurance final cleaned'!E1199 -> 136 | F90: ='insurance final cleaned'!L1199 -> 31.1 | G90: ='insurance final cleaned'!M1199 -> 0 | H90: ='insurance final cleaned'!N1199 -> 0 | I90: ='insurance final cleaned'!O1199 -> 0 | J90: ='insurance final cleaned'!P1199 -> 0.069921473 | K90: ='insurance final cleaned'!Q1199 -> 1 | L90: ='insurance final cleaned'!R1199 -> 0 | M90: ='insurance final cleaned'!S1199 -> 0
A91: ='insurance final cleaned'!J285 -> 4185.1 | B91: ='insurance final cleaned'!B285 -> 34 | C91: ='insurance final cleaned'!D285 -> 24.3 | D91: ='insurance final cleaned'!G285 -> 0 | E91: ='insurance final cleaned'!E285 -> 90 | F91: ='insurance final cleaned'!L285 -> 0 | G91: ='insurance final cleaned'!M285 -> 1 | H91: ='insurance final cleaned'!N285 -> 0 | I91: ='insurance final cleaned'!O285 -> 0 | J91: ='insurance final cleaned'!P285 -> 0.070377541 | K91: ='insurance final cleaned'!Q285 -> 0 | L91: ='insurance final cleaned'!R285 -> 1 | M91: ='insurance final cleaned'!S285 -> 1
A92: ='insurance final cleaned'!J972 -> 14426.07 | B92: ='insurance final cleaned'!B972 -> 41 | C92: ='insurance final cleaned'!D972 -> 23.2 | D92: ='insurance final cleaned'!G972 -> 2 | E92: ='insurance final cleaned'!E972 -> 98 | F92: ='insurance final cleaned'!L972 -> 0 | G92: ='insurance final cleaned'!M972 -> 0 | H92: ='insurance final cleaned'!N972 -> 0 | I92: ='insurance final cleaned'!O972 -> 1 | J92: ='insurance final cleaned'!P972 -> 0.070402505 | K92: ='insurance final cleaned'!Q972 -> 0 | L92: ='insurance final cleaned'!R972 -> 0 | M92: ='insurance final cleaned'!S972 -> 1
A93: ='insurance final cleaned'!J603 -> 8410.05 | B93: ='insurance final cleaned'!B603 -> 44 | C93: ='insurance final cleaned'!D603 -> 30.1 | D93: ='insurance final cleaned'!G603 -> 3 | E93: ='insurance final cleaned'!E603 -> 86 | F93: ='insurance final cleaned'!L603 -> 0 | G93: ='insurance final cleaned'!M603 -> 0 | H93: ='insurance final cleaned'!N603 -> 0 | I93: ='insurance final cleaned'!O603 -> 1 | J93: ='insurance final cleaned'!P603 -> 0.071260736 | K93: ='insurance final cleaned'!Q603 -> 0 | L93: ='insurance final cleaned'!R603 -> 0 | M93: ='insurance final cleaned'!S603 -> 0
A94: ='insurance final cleaned'!J70 -> 1759.34 | B94: ='insurance final cleaned'!B70 -> 26 | C94: ='insurance final cleaned'!D70 -> 40.5 | D94: ='insurance final cleaned'!G70 -> 0 | E94: ='insurance final cleaned'!E70 -> 87 | F94: ='insurance final cleaned'!L70 -> 0 | G94: ='insurance final cleaned'!M70 -> 0 | H94: ='insurance final cleaned'!N70 -> 1 | I94: ='insurance final cleaned'!O70 -> 0 | J94: ='insurance final cleaned'!P70 -> 0.071325755 | K94: ='insurance final cleaned'!Q70 -> 0 | L94: ='insurance final cleaned'!R70 -> 1 | M94: ='insurance final cleaned'!S70 -> 1
A95: ='insurance final cleaned'!J454 -> 6313.76 | B95: ='insurance final cleaned'!B454 -> 56 | C95: ='insurance final cleaned'!D454 -> 30.8 | D95: ='insurance final cleaned'!G454 -> 2 | E95: ='insurance final cleaned'!E454 -> 92 | F95: ='insurance final cleaned'!L454 -> 0 | G95: ='insurance final cleaned'!M454 -> 1 | H95: ='insurance final cleaned'!N454 -> 0 | I95: ='insurance final cleaned'!O454 -> 0 | J95: ='insurance final cleaned'!P454 -> 0.071514379 | K95: ='insurance final cleaned'!Q454 -> 0 | L95: ='insurance final cleaned'!R454 -> 1 | M95: ='insurance final cleaned'!S454 -> 1
A96: ='insurance final cleaned'!J892 -> 12731 | B96: ='insurance final cleaned'!B892 -> 18 | C96: ='insurance final cleaned'!D892 -> 29.6 | D96: ='insurance final cleaned'!G892 -> 0 | E96: ='insurance final cleaned'!E892 -> 81 | F96: ='insurance final cleaned'!L892 -> 0 | G96: ='insurance final cleaned'!M892 -> 0 | H96: ='insurance final cleaned'!N892 -> 0 | I96: ='insurance final cleaned'!O892 -> 0 | J96: ='insurance final cleaned'!P892 -> 0.074156013 | K96: ='insurance final cleaned'!Q892 -> 0 | L96: ='insurance final cleaned'!R892 -> 1 | M96: ='insurance final cleaned'!S892 -> 0
A97: ='insurance final cleaned'!J1231 -> 37165.16 | B97: ='insurance final cleaned'!B1231 -> 41 | C97: ='insurance final cleaned'!D1231 -> 37.6 | D97: ='insurance final cleaned'!G1231 -> 1 | E97: ='insurance final cleaned'!E1231 -> 127 | F97: ='insurance final cleaned'!L1231 -> 37.6 | G97: ='insurance final cleaned'!M1231 -> 1 | H97: ='insurance final cleaned'!N1231 -> 0 | I97: ='insurance final cleaned'!O1231 -> 0 | J97: ='insurance final cleaned'!P1231 -> 0.074595921 | K97: ='insurance final cleaned'!Q1231 -> 1 | L97: ='insurance final cleaned'!R1231 -> 1 | M97: ='insurance final cleaned'!S1231 -> 0
A98: ='insurance final cleaned'!J662 -> 9225.26 | B98: ='insurance final cleaned'!B662 -> 50 | C98: ='insurance final cleaned'!D662 -> 25.5 | D98: ='insurance final cleaned'!G662 -> 2 | E98: ='insurance final cleaned'!E662 -> 86 | F98: ='insurance final cleaned'!L662 -> 0 | G98: ='insurance final cleaned'!M662 -> 0 | H98: ='insurance final cleaned'!N662 -> 0 | I98: ='insurance final cleaned'!O662 -> 0 | J98: ='insurance final cleaned'!P662 -> 0.075157099 | K98: ='insurance final cleaned'!Q662 -> 0 | L98: ='insurance final cleaned'!R662 -> 1 | M98: ='insurance final cleaned'!S662 -> 0
A99: ='insurance final cleaned'!J143 -> 2438.06 | B99: ='insurance final cleaned'!B143 -> 46 | C99: ='insurance final cleaned'!D143 -> 50.4 | D99: ='insurance final cleaned'!G143 -> 1 | E99: ='insurance final cleaned'!E143 -> 89 | F99: ='insurance final cleaned'!L143 -> 0 | G99: ='insurance final cleaned'!M143 -> 1 | H99: ='insurance final cleaned'!N143 -> 0 | I99: ='insurance final cleaned'!O143 -> 0 | J99: ='insurance final cleaned'!P143 -> 0.076238901 | K99: ='insurance final cleaned'!Q143 -> 0 | L99: ='insurance final cleaned'!R143 -> 1 | M99: ='insurance final cleaned'!S143 -> 0
A100: ='insurance final cleaned'!J548 -> 7512.27 | B100: ='insurance final cleaned'!B548 -> 31 | C100: ='insurance final cleaned'!D548 -> 29.6 | D100: ='insurance final cleaned'!G548 -> 4 | E100: ='insurance final cleaned'!E548 -> 85 | F100: ='insurance final cleaned'!L548 -> 0 | G100: ='insurance final cleaned'!M548 -> 0 | H100: ='insurance final cleaned'!N548 -> 1 | I100: ='insurance final cleaned'!O548 -> 0 | J100: ='insurance final cleaned'!P548 -> 0.0765261 | K100: ='insurance final cleaned'!Q548 -> 0 | L100: ='insurance final cleaned'!R548 -> 0 | M100: ='insurance final cleaned'!S548 -> 0
...
